municipio,idealista_url
MONZÓN,https://www.idealista.com/es/geo/alquiler-viviendas/monzon/con-alquiler-de-larga-temporada/con-precio-hasta_650/con-metros-cuadrados-mas-de_60/con-metros-cuadrados-menos-de_90/con-dos-dormitorios/
HUESCA,https://www.idealista.com/es/geo/alquiler-viviendas/huesca/con-alquiler-de-larga-temporada/con-precio-hasta_650/con-metros-cuadrados-mas-de_60/con-metros-cuadrados-menos-de_90/con-dos-dormitorios/
TERUEL,https://www.idealista.com/es/geo/alquiler-viviendas/teruel/con-alquiler-de-larga-temporada/con-precio-hasta_650/con-metros-cuadrados-mas-de_60/con-metros-cuadrados-menos-de_90/con-dos-dormitorios/
ZARAGOZA,https://www.idealista.com/es/geo/alquiler-viviendas/zaragoza/con-alquiler-de-larga-temporada/con-precio-hasta_650/con-metros-cuadrados-mas-de_60/con-metros-cuadrados-menos-de_90/con-dos-dormitorios/
EIVISSA,https://www.idealista.com/es/geo/alquiler-viviendas/eivissa/con-alquiler-de-larga-temporada/con-precio-hasta_650/con-metros-cuadrados-mas-de_60/con-metros-cuadrados-menos-de_90/con-dos-dormitorios/
INCA,https://www.idealista.com/es/geo/alquiler-viviendas/inca/con-alquiler-de-larga-temporada/con-precio-hasta_650/con-metros-cuadrados-mas-de_60/con-metros-cuadrados-menos-de_90/con-dos-dormitorios/
MAHÓN,https://www.idealista.com/es/geo/alquiler-viviendas/mahon/con-alquiler-de-larga-temporada/con-precio-hasta_650/con-metros-cuadrados-mas-de_60/con-metros-cuadrados-menos-de_90/con-dos-dormitorios/
MANACOR,https://www.idealista.com/es/geo/alquiler-viviendas/manacor/con-alquiler-de-larga-temporada/con-precio-hasta_650/con-metros-cuadrados-mas-de_60/con-metros-cuadrados-menos-de_90/con-dos-dormitorios/
PALMA DE MALLORCA,https://www.idealista.com/es/geo/alquiler-viviendas/palma-de-mallorca/con-alquiler-de-larga-temporada/con-precio-hasta_650/con-metros-cuadrados-mas-de_60/con-metros-cuadrados-menos-de_90/con-dos-dormitorios/
LAREDO,https://www.idealista.com/es/geo/alquiler-viviendas/laredo/con-alquiler-de-larga-temporada/con-precio-hasta_650/con-metros-cuadrados-mas-de_60/con-metros-cuadrados-menos-de_90/con-dos-dormitorios/
REINOSA,https://www.idealista.com/es/geo/alquiler-viviendas/reinosa/con-alquiler-de-larga-temporada/con-precio-hasta_650/con-metros-cuadrados-mas-de_60/con-metros-cuadrados-menos-de_90/con-dos-dormitorios/
TORRELAVEGA,https://www.idealista.com/es/geo/alquiler-viviendas/torrelavega/con-alquiler-de-larga-temporada/con-precio-hasta_650/con-metros-cuadrados-mas-de_60/con-metros-cuadrados-menos-de_90/con-dos-dormitorios/
SANTANDER,https://www.idealista.com/es/geo/alquiler-viviendas/santander/con-alquiler-de-larga-temporada/con-precio-hasta_650/con-metros-cuadrados-mas-de_60/con-metros-cuadrados-menos-de_90/con-dos-dormitorios/
TARANCÓN,https://www.idealista.com/es/geo/alquiler-viviendas/tarancon/con-alquiler-de-larga-temporada/con-precio-hasta_650/con-metros-cuadrados-mas-de_60/con-metros-cuadrados-menos-de_90/con-dos-dormitorios/
GUADALAJARA,https://www.idealista.com/es/geo/alquiler-viviendas/guadalajara/con-alquiler-de-larga-temporada/con-precio-hasta_650/con-metros-cuadrados-mas-de_60/con-metros-cuadrados-menos-de_90/con-dos-dormitorios/
TALAVERA DE LA REINA,https://www.idealista.com/es/geo/alquiler-viviendas/talavera-de-la-reina/con-alquiler-de-larga-temporada/con-precio-hasta_650/con-metros-cuadrados-mas-de_60/con-metros-cuadrados-menos-de_90/con-dos-dormitorios/
TOLEDO,https://www.idealista.com/es/geo/alquiler-viviendas/toledo/con-alquiler-de-larga-temporada/con-precio-hasta_650/con-metros-cuadrados-mas-de_60/con-metros-cuadrados-menos-de_90/con-dos-dormitorios/
ARANDA DE DUERO,https://www.idealista.com/es/geo/alquiler-viviendas/aranda-de-duero/con-alquiler-de-larga-temporada/con-precio-hasta_650/con-metros-cuadrados-mas-de_60/con-metros-cuadrados-menos-de_90/con-dos-dormitorios/
MIRANDA DE EBRO,https://www.idealista.com/es/geo/alquiler-viviendas/miranda-de-ebro/con-alquiler-de-larga-temporada/con-precio-hasta_650/con-metros-cuadrados-mas-de_60/con-metros-cuadrados-menos-de_90/con-dos-dormitorios/
BURGOS,https://www.idealista.com/es/geo/alquiler-viviendas/burgos/con-alquiler-de-larga-temporada/con-precio-hasta_650/con-metros-cuadrados-mas-de_60/con-metros-cuadrados-menos-de_90/con-dos-dormitorios/
AGUILAR DE CAMPOO,https://www.idealista.com/es/geo/alquiler-viviendas/aguilar-de-campoo/con-alquiler-de-larga-temporada/con-precio-hasta_650/con-metros-cuadrados-mas-de_60/con-metros-cuadrados-menos-de_90/con-dos-dormitorios/
SORIA,https://www.idealista.com/es/geo/alquiler-viviendas/soria/con-alquiler-de-larga-temporada/con-precio-hasta_650/con-metros-cuadrados-mas-de_60/con-metros-cuadrados-menos-de_90/con-dos-dormitorios/
LA BISBAL D'EMPORDÁ,https://www.idealista.com/es/geo/alquiler-viviendas/la-bisbal-demporda/con-alquiler-de-larga-temporada/con-precio-hasta_650/con-metros-cuadrados-mas-de_60/con-metros-cuadrados-menos-de_90/con-dos-dormitorios/
FIGUERES,https://www.idealista.com/es/geo/alquiler-viviendas/figueres/con-alquiler-de-larga-temporada/con-precio-hasta_650/con-metros-cuadrados-mas-de_60/con-metros-cuadrados-menos-de_90/con-dos-dormitorios/
OLOT,https://www.idealista.com/es/geo/alquiler-viviendas/olot/con-alquiler-de-larga-temporada/con-precio-hasta_650/con-metros-cuadrados-mas-de_60/con-metros-cuadrados-menos-de_90/con-dos-dormitorios/
GIRONA,https://www.idealista.com/es/geo/alquiler-viviendas/girona/con-alquiler-de-larga-temporada/con-precio-hasta_650/con-metros-cuadrados-mas-de_60/con-metros-cuadrados-menos-de_90/con-dos-dormitorios/
LA JONQUERA,https://www.idealista.com/es/geo/alquiler-viviendas/la-jonquera/con-alquiler-de-larga-temporada/con-precio-hasta_650/con-metros-cuadrados-mas-de_60/con-metros-cuadrados-menos-de_90/con-dos-dormitorios/
LA SEU D URGELL,https://www.idealista.com/es/geo/alquiler-viviendas/la-seu-d-urgell/con-alquiler-de-larga-temporada/con-precio-hasta_650/con-metros-cuadrados-mas-de_60/con-metros-cuadrados-menos-de_90/con-dos-dormitorios/
TÁRREGA,https://www.idealista.com/es/geo/alquiler-viviendas/tarrega/con-alquiler-de-larga-temporada/con-precio-hasta_650/con-metros-cuadrados-mas-de_60/con-metros-cuadrados-menos-de_90/con-dos-dormitorios/
LLEIDA,https://www.idealista.com/es/geo/alquiler-viviendas/lleida/con-alquiler-de-larga-temporada/con-precio-hasta_650/con-metros-cuadrados-mas-de_60/con-metros-cuadrados-menos-de_90/con-dos-dormitorios/
LA FARGA DE MOLES,https://www.idealista.com/es/geo/alquiler-viviendas/la-farga-de-moles/con-alquiler-de-larga-temporada/con-precio-hasta_650/con-metros-cuadrados-mas-de_60/con-metros-cuadrados-menos-de_90/con-dos-dormitorios/
REUS,https://www.idealista.com/es/geo/alquiler-viviendas/reus/con-alquiler-de-larga-temporada/con-precio-hasta_650/con-metros-cuadrados-mas-de_60/con-metros-cuadrados-menos-de_90/con-dos-dormitorios/
TORTOSA,https://www.idealista.com/es/geo/alquiler-viviendas/tortosa/con-alquiler-de-larga-temporada/con-precio-hasta_650/con-metros-cuadrados-mas-de_60/con-metros-cuadrados-menos-de_90/con-dos-dormitorios/
TARRAGONA,https://www.idealista.com/es/geo/alquiler-viviendas/tarragona/con-alquiler-de-larga-temporada/con-precio-hasta_650/con-metros-cuadrados-mas-de_60/con-metros-cuadrados-menos-de_90/con-dos-dormitorios/
ARENYS DE MAR,https://www.idealista.com/es/geo/alquiler-viviendas/arenys-de-mar/con-alquiler-de-larga-temporada/con-precio-hasta_650/con-metros-cuadrados-mas-de_60/con-metros-cuadrados-menos-de_90/con-dos-dormitorios/
BADALONA,https://www.idealista.com/es/geo/alquiler-viviendas/badalona/con-alquiler-de-larga-temporada/con-precio-hasta_650/con-metros-cuadrados-mas-de_60/con-metros-cuadrados-menos-de_90/con-dos-dormitorios/
CORNELLÁ DE LLOBREGAT,https://www.idealista.com/es/geo/alquiler-viviendas/cornella-de-llobregat/con-alquiler-de-larga-temporada/con-precio-hasta_650/con-metros-cuadrados-mas-de_60/con-metros-cuadrados-menos-de_90/con-dos-dormitorios/
GRANOLLERS,https://www.idealista.com/es/geo/alquiler-viviendas/granollers/con-alquiler-de-larga-temporada/con-precio-hasta_650/con-metros-cuadrados-mas-de_60/con-metros-cuadrados-menos-de_90/con-dos-dormitorios/
L´ HOSPITALET DE LLOBREGAT,https://www.idealista.com/es/geo/alquiler-viviendas/l-hospitalet-de-llobregat/con-alquiler-de-larga-temporada/con-precio-hasta_650/con-metros-cuadrados-mas-de_60/con-metros-cuadrados-menos-de_90/con-dos-dormitorios/
IGUALADA,https://www.idealista.com/es/geo/alquiler-viviendas/igualada/con-alquiler-de-larga-temporada/con-precio-hasta_650/con-metros-cuadrados-mas-de_60/con-metros-cuadrados-menos-de_90/con-dos-dormitorios/
MANRESA,https://www.idealista.com/es/geo/alquiler-viviendas/manresa/con-alquiler-de-larga-temporada/con-precio-hasta_650/con-metros-cuadrados-mas-de_60/con-metros-cuadrados-menos-de_90/con-dos-dormitorios/
MATARÓ,https://www.idealista.com/es/geo/alquiler-viviendas/mataro/con-alquiler-de-larga-temporada/con-precio-hasta_650/con-metros-cuadrados-mas-de_60/con-metros-cuadrados-menos-de_90/con-dos-dormitorios/
SABADELL,https://www.idealista.com/es/geo/alquiler-viviendas/sabadell/con-alquiler-de-larga-temporada/con-precio-hasta_650/con-metros-cuadrados-mas-de_60/con-metros-cuadrados-menos-de_90/con-dos-dormitorios/
SANT CUGAT DEL VALLÉS,https://www.idealista.com/es/geo/alquiler-viviendas/sant-cugat-del-valles/con-alquiler-de-larga-temporada/con-precio-hasta_650/con-metros-cuadrados-mas-de_60/con-metros-cuadrados-menos-de_90/con-dos-dormitorios/
SANT FELIÚ DE LLOBREGAT,https://www.idealista.com/es/geo/alquiler-viviendas/sant-feliu-de-llobregat/con-alquiler-de-larga-temporada/con-precio-hasta_650/con-metros-cuadrados-mas-de_60/con-metros-cuadrados-menos-de_90/con-dos-dormitorios/
SANTA COLOMA DE GRAMENET,https://www.idealista.com/es/geo/alquiler-viviendas/santa-coloma-de-gramenet/con-alquiler-de-larga-temporada/con-precio-hasta_650/con-metros-cuadrados-mas-de_60/con-metros-cuadrados-menos-de_90/con-dos-dormitorios/
TERRASSA,https://www.idealista.com/es/geo/alquiler-viviendas/terrassa/con-alquiler-de-larga-temporada/con-precio-hasta_650/con-metros-cuadrados-mas-de_60/con-metros-cuadrados-menos-de_90/con-dos-dormitorios/
VIC,https://www.idealista.com/es/geo/alquiler-viviendas/vic/con-alquiler-de-larga-temporada/con-precio-hasta_650/con-metros-cuadrados-mas-de_60/con-metros-cuadrados-menos-de_90/con-dos-dormitorios/
VILAFRANCA DEL PENEDÉS,https://www.idealista.com/es/geo/alquiler-viviendas/vilafranca-del-penedes/con-alquiler-de-larga-temporada/con-precio-hasta_650/con-metros-cuadrados-mas-de_60/con-metros-cuadrados-menos-de_90/con-dos-dormitorios/
VILANOVA I LA GELTRÚ,https://www.idealista.com/es/geo/alquiler-viviendas/vilanova-i-la-geltru/con-alquiler-de-larga-temporada/con-precio-hasta_650/con-metros-cuadrados-mas-de_60/con-metros-cuadrados-menos-de_90/con-dos-dormitorios/
BARCELONA,https://www.idealista.com/es/geo/alquiler-viviendas/barcelona/con-alquiler-de-larga-temporada/con-precio-hasta_650/con-metros-cuadrados-mas-de_60/con-metros-cuadrados-menos-de_90/con-dos-dormitorios/
EL PRAT DE LLOBREGAT,https://www.idealista.com/es/geo/alquiler-viviendas/el-prat-de-llobregat/con-alquiler-de-larga-temporada/con-precio-hasta_650/con-metros-cuadrados-mas-de_60/con-metros-cuadrados-menos-de_90/con-dos-dormitorios/
NAVALMORAL DE LA MATA,https://www.idealista.com/es/geo/alquiler-viviendas/navalmoral-de-la-mata/con-alquiler-de-larga-temporada/con-precio-hasta_650/con-metros-cuadrados-mas-de_60/con-metros-cuadrados-menos-de_90/con-dos-dormitorios/
BETANZOS,https://www.idealista.com/es/geo/alquiler-viviendas/betanzos/con-alquiler-de-larga-temporada/con-precio-hasta_650/con-metros-cuadrados-mas-de_60/con-metros-cuadrados-menos-de_90/con-dos-dormitorios/
CARBALLO,https://www.idealista.com/es/geo/alquiler-viviendas/carballo/con-alquiler-de-larga-temporada/con-precio-hasta_650/con-metros-cuadrados-mas-de_60/con-metros-cuadrados-menos-de_90/con-dos-dormitorios/
CEE,https://www.idealista.com/es/geo/alquiler-viviendas/cee/con-alquiler-de-larga-temporada/con-precio-hasta_650/con-metros-cuadrados-mas-de_60/con-metros-cuadrados-menos-de_90/con-dos-dormitorios/
FERROL,https://www.idealista.com/es/geo/alquiler-viviendas/ferrol/con-alquiler-de-larga-temporada/con-precio-hasta_650/con-metros-cuadrados-mas-de_60/con-metros-cuadrados-menos-de_90/con-dos-dormitorios/
ORTIGUEIRA,https://www.idealista.com/es/geo/alquiler-viviendas/ortigueira/con-alquiler-de-larga-temporada/con-precio-hasta_650/con-metros-cuadrados-mas-de_60/con-metros-cuadrados-menos-de_90/con-dos-dormitorios/
A CORUÑA,https://www.idealista.com/es/geo/alquiler-viviendas/a-coruna/con-alquiler-de-larga-temporada/con-precio-hasta_650/con-metros-cuadrados-mas-de_60/con-metros-cuadrados-menos-de_90/con-dos-dormitorios/
ALCALÁ DE HENARES,https://www.idealista.com/es/geo/alquiler-viviendas/alcala-de-henares/con-alquiler-de-larga-temporada/con-precio-hasta_650/con-metros-cuadrados-mas-de_60/con-metros-cuadrados-menos-de_90/con-dos-dormitorios/
ALCOBENDAS,https://www.idealista.com/es/geo/alquiler-viviendas/alcobendas/con-alquiler-de-larga-temporada/con-precio-hasta_650/con-metros-cuadrados-mas-de_60/con-metros-cuadrados-menos-de_90/con-dos-dormitorios/
ALCORCÓN,https://www.idealista.com/es/geo/alquiler-viviendas/alcorcon/con-alquiler-de-larga-temporada/con-precio-hasta_650/con-metros-cuadrados-mas-de_60/con-metros-cuadrados-menos-de_90/con-dos-dormitorios/
ARGANDA DEL REY,https://www.idealista.com/es/geo/alquiler-viviendas/arganda-del-rey/con-alquiler-de-larga-temporada/con-precio-hasta_650/con-metros-cuadrados-mas-de_60/con-metros-cuadrados-menos-de_90/con-dos-dormitorios/
COLMENAR VIEJO,https://www.idealista.com/es/geo/alquiler-viviendas/colmenar-viejo/con-alquiler-de-larga-temporada/con-precio-hasta_650/con-metros-cuadrados-mas-de_60/con-metros-cuadrados-menos-de_90/con-dos-dormitorios/
EL ESCORIAL,https://www.idealista.com/es/geo/alquiler-viviendas/el-escorial/con-alquiler-de-larga-temporada/con-precio-hasta_650/con-metros-cuadrados-mas-de_60/con-metros-cuadrados-menos-de_90/con-dos-dormitorios/
FUENLABRADA,https://www.idealista.com/es/geo/alquiler-viviendas/fuenlabrada/con-alquiler-de-larga-temporada/con-precio-hasta_650/con-metros-cuadrados-mas-de_60/con-metros-cuadrados-menos-de_90/con-dos-dormitorios/
GETAFE,https://www.idealista.com/es/geo/alquiler-viviendas/getafe/con-alquiler-de-larga-temporada/con-precio-hasta_650/con-metros-cuadrados-mas-de_60/con-metros-cuadrados-menos-de_90/con-dos-dormitorios/
LEGANÉS,https://www.idealista.com/es/geo/alquiler-viviendas/leganes/con-alquiler-de-larga-temporada/con-precio-hasta_650/con-metros-cuadrados-mas-de_60/con-metros-cuadrados-menos-de_90/con-dos-dormitorios/
MÓSTOLES,https://www.idealista.com/es/geo/alquiler-viviendas/mostoles/con-alquiler-de-larga-temporada/con-precio-hasta_650/con-metros-cuadrados-mas-de_60/con-metros-cuadrados-menos-de_90/con-dos-dormitorios/
POZUELO DE ALARCÓN,https://www.idealista.com/es/geo/alquiler-viviendas/pozuelo-de-alarcon/con-alquiler-de-larga-temporada/con-precio-hasta_650/con-metros-cuadrados-mas-de_60/con-metros-cuadrados-menos-de_90/con-dos-dormitorios/
TORREJÓN DE ARDOZ,https://www.idealista.com/es/geo/alquiler-viviendas/torrejon-de-ardoz/con-alquiler-de-larga-temporada/con-precio-hasta_650/con-metros-cuadrados-mas-de_60/con-metros-cuadrados-menos-de_90/con-dos-dormitorios/
MADRID,https://www.idealista.com/es/geo/alquiler-viviendas/madrid/con-alquiler-de-larga-temporada/con-precio-hasta_650/con-metros-cuadrados-mas-de_60/con-metros-cuadrados-menos-de_90/con-dos-dormitorios/
PAMPLONA/IRUÑA,https://www.idealista.com/es/geo/alquiler-viviendas/pamplonairuna/con-alquiler-de-larga-temporada/con-precio-hasta_650/con-metros-cuadrados-mas-de_60/con-metros-cuadrados-menos-de_90/con-dos-dormitorios/
VITORIA-GASTEIZ,https://www.idealista.com/es/geo/alquiler-viviendas/vitoria-gasteiz/con-alquiler-de-larga-temporada/con-precio-hasta_650/con-metros-cuadrados-mas-de_60/con-metros-cuadrados-menos-de_90/con-dos-dormitorios/
DONOSTIA-SAN SEBASTIÁN,https://www.idealista.com/es/geo/alquiler-viviendas/donostia-san-sebastian/con-alquiler-de-larga-temporada/con-precio-hasta_650/con-metros-cuadrados-mas-de_60/con-metros-cuadrados-menos-de_90/con-dos-dormitorios/
BILBAO,https://www.idealista.com/es/geo/alquiler-viviendas/bilbao/con-alquiler-de-larga-temporada/con-precio-hasta_650/con-metros-cuadrados-mas-de_60/con-metros-cuadrados-menos-de_90/con-dos-dormitorios/
SANTURTZI,https://www.idealista.com/es/geo/alquiler-viviendas/santurtzi/con-alquiler-de-larga-temporada/con-precio-hasta_650/con-metros-cuadrados-mas-de_60/con-metros-cuadrados-menos-de_90/con-dos-dormitorios/
CALAHORRA,https://www.idealista.com/es/geo/alquiler-viviendas/calahorra/con-alquiler-de-larga-temporada/con-precio-hasta_650/con-metros-cuadrados-mas-de_60/con-metros-cuadrados-menos-de_90/con-dos-dormitorios/
HARO,https://www.idealista.com/es/geo/alquiler-viviendas/haro/con-alquiler-de-larga-temporada/con-precio-hasta_650/con-metros-cuadrados-mas-de_60/con-metros-cuadrados-menos-de_90/con-dos-dormitorios/
LOGROÑO,https://www.idealista.com/es/geo/alquiler-viviendas/logrono/con-alquiler-de-larga-temporada/con-precio-hasta_650/con-metros-cuadrados-mas-de_60/con-metros-cuadrados-menos-de_90/con-dos-dormitorios/
VILLARREAL/VILA- REAL,https://www.idealista.com/es/geo/alquiler-viviendas/villarrealvila-real/con-alquiler-de-larga-temporada/con-precio-hasta_650/con-metros-cuadrados-mas-de_60/con-metros-cuadrados-menos-de_90/con-dos-dormitorios/
VINARÓS,https://www.idealista.com/es/geo/alquiler-viviendas/vinaros/con-alquiler-de-larga-temporada/con-precio-hasta_650/con-metros-cuadrados-mas-de_60/con-metros-cuadrados-menos-de_90/con-dos-dormitorios/
LLIRIA,https://www.idealista.com/es/geo/alquiler-viviendas/lliria/con-alquiler-de-larga-temporada/con-precio-hasta_650/con-metros-cuadrados-mas-de_60/con-metros-cuadrados-menos-de_90/con-dos-dormitorios/
MANISES,https://www.idealista.com/es/geo/alquiler-viviendas/manises/con-alquiler-de-larga-temporada/con-precio-hasta_650/con-metros-cuadrados-mas-de_60/con-metros-cuadrados-menos-de_90/con-dos-dormitorios/
MONCADA,https://www.idealista.com/es/geo/alquiler-viviendas/moncada/con-alquiler-de-larga-temporada/con-precio-hasta_650/con-metros-cuadrados-mas-de_60/con-metros-cuadrados-menos-de_90/con-dos-dormitorios/
REQUENA,https://www.idealista.com/es/geo/alquiler-viviendas/requena/con-alquiler-de-larga-temporada/con-precio-hasta_650/con-metros-cuadrados-mas-de_60/con-metros-cuadrados-menos-de_90/con-dos-dormitorios/
SAGUNTO/SAGUNT,https://www.idealista.com/es/geo/alquiler-viviendas/saguntosagunt/con-alquiler-de-larga-temporada/con-precio-hasta_650/con-metros-cuadrados-mas-de_60/con-metros-cuadrados-menos-de_90/con-dos-dormitorios/
